model_2_5=Best_Model_at_Epoch:1,true_labels,predicted_labels,incorrect_predictions
P3_combined_1,0,0,0
P3_combined_2,1,0,1
P3_combined_3,0,0,0
P3_combined_4,0,0,0
P3_combined_5,0,0,0
P3_combined_1,1,1,0
P3_combined_2,1,1,0
P3_combined_3,1,1,0
P3_combined_4,0,1,1
P3_combined_5,1,1,0
P3_combined_6,0,1,1
P10_combined_1,1,0,1
P10_combined_2,0,0,0
P10_combined_3,0,0,0
P10_combined_4,0,0,0
P10_combined_5,0,0,0
P10_combined_1,1,1,0
P10_combined_2,1,1,0
P10_combined_3,1,0,1
P10_combined_4,1,1,0
P10_combined_5,1,1,0
P14_combined_1,0,0,0
P14_combined_2,0,1,1
P14_combined_3,0,0,0
P14_combined_4,0,0,0
P14_combined_5,1,0,1
P14_combined_1,1,1,0
P14_combined_2,1,1,0
P14_combined_3,1,1,0
P14_combined_4,1,1,0
P14_combined_5,1,1,0
P15_combined_1,0,0,0
P15_combined_2,0,0,0
P15_combined_3,0,0,0
P15_combined_4,1,1,0
P15_combined_5,0,0,0
P15_combined_1,1,1,0
P15_combined_2,1,1,0
P15_combined_3,1,1,0
P15_combined_4,1,1,0
P15_combined_5,0,1,1
P26_combined_1,0,0,0
P26_combined_2,0,0,0
P26_combined_3,0,0,0
P26_combined_4,0,0,0
P26_combined_5,0,0,0
P26_combined_1,1,1,0
P26_combined_2,1,1,0
P26_combined_3,1,1,0
P26_combined_4,1,1,0
P26_combined_5,1,1,0
P33_combined_1,1,0,1
P33_combined_2,1,0,1
P33_combined_3,1,0,1
P33_combined_4,0,1,1
P33_combined_5,1,1,0
P33_combined_1,0,0,0
P33_combined_2,0,0,0
P33_combined_3,0,1,1
P33_combined_4,0,1,1
P33_combined_5,1,1,0
P41_combined_1,1,1,0
P41_combined_2,1,1,0
P41_combined_3,0,0,0
P41_combined_4,0,0,0
P41_combined_5,0,0,0
P41_combined_1,1,1,0
P41_combined_2,1,0,1
P47_combined_1,0,1,1
P47_combined_2,1,1,0
P47_combined_3,1,1,0
P47_combined_4,1,1,0
P47_combined_5,0,1,1
P47_combined_1,0,1,1
P47_combined_2,0,1,1
P47_combined_3,1,1,0
P47_combined_4,1,1,0
P47_combined_5,1,1,0
P51_combined_1,1,1,0
P51_combined_2,1,1,0
P51_combined_3,1,1,0
P56_combined_1,1,0,1
P56_combined_2,1,0,1
P56_combined_3,1,0,1
P61_combined_1,0,0,0
P61_combined_2,0,0,0
P61_combined_3,0,0,0
P63_combined_1,0,0,0
P63_combined_2,0,0,0
P63_combined_3,1,0,1
P70_combined_1,1,0,1
P70_combined_2,1,1,0
P70_combined_3,1,1,0
P74_combined_1,0,0,0
P74_combined_2,0,0,0
P74_combined_3,0,0,0
P77_combined_1,0,0,0
P77_combined_2,0,0,0
P77_combined_3,0,0,0
P79_combined_1,1,1,0
P79_combined_2,0,0,0
P79_combined_3,0,0,0
P85_combined_1,0,0,0
P85_combined_2,0,0,0
P85_combined_3,0,0,0
