model_7_3=Best_Model_at_Epoch:2,true_labels,predicted_labels,incorrect_predictions
P5_combined_1,1,0,1
P5_combined_2,1,1,0
P5_combined_3,1,1,0
P5_combined_1,1,1,0
P5_combined_2,1,1,0
P5_combined_3,1,1,0
P5_combined_4,1,1,0
P5_combined_5,1,1,0
P16_combined_1,1,1,0
P16_combined_2,1,1,0
P16_combined_3,1,0,1
P16_combined_4,1,1,0
P16_combined_5,1,1,0
P16_combined_1,1,1,0
P16_combined_2,1,1,0
P16_combined_3,1,0,1
P16_combined_4,1,1,0
P16_combined_5,1,1,0
P21_combined_1,0,0,0
P21_combined_2,0,1,1
P21_combined_3,0,0,0
P21_combined_4,0,0,0
P21_combined_5,0,0,0
P21_combined_1,0,0,0
P21_combined_2,0,0,0
P21_combined_3,1,0,1
P21_combined_4,0,0,0
P21_combined_5,0,1,1
P23_combined_1,0,0,0
P23_combined_2,0,0,0
P23_combined_3,0,0,0
P23_combined_4,1,0,1
P23_combined_5,0,0,0
P23_combined_1,0,0,0
P23_combined_2,0,1,1
P23_combined_3,0,1,1
P23_combined_4,0,1,1
P23_combined_5,0,1,1
P31_combined_1,1,1,0
P31_combined_2,1,1,0
P31_combined_3,1,0,1
P31_combined_4,1,1,0
P31_combined_5,0,0,0
P31_combined_6,0,0,0
P31_combined_1,0,0,0
P31_combined_2,0,0,0
P31_combined_3,0,0,0
P31_combined_4,0,0,0
P31_combined_5,1,1,0
P35_combined_1,0,0,0
P35_combined_2,1,0,1
P35_combined_3,0,0,0
P35_combined_4,1,1,0
P35_combined_5,0,0,0
P35_combined_6,1,1,0
P35_combined_1,1,1,0
P35_combined_2,1,1,0
P35_combined_3,1,0,1
P35_combined_4,1,1,0
P35_combined_5,0,0,0
P35_combined_6,0,0,0
P35_combined_7,1,1,0
P35_combined_8,1,1,0
P38_combined_1,0,0,0
P38_combined_2,0,0,0
P38_combined_3,1,0,1
P38_combined_4,0,0,0
P38_combined_5,0,0,0
P38_combined_1,1,1,0
P38_combined_2,0,0,0
P38_combined_3,0,0,0
P42_combined_1,0,0,0
P42_combined_2,1,1,0
P42_combined_3,1,1,0
P42_combined_4,0,0,0
P42_combined_5,0,0,0
P42_combined_1,1,1,0
P42_combined_2,0,0,0
P42_combined_3,0,0,0
P42_combined_4,0,0,0
P42_combined_5,1,1,0
P45_combined_1,1,1,0
P45_combined_2,1,1,0
P45_combined_3,1,0,1
P45_combined_4,1,1,0
P45_combined_5,1,1,0
P45_combined_1,1,1,0
P45_combined_2,1,1,0
P45_combined_3,1,1,0
P45_combined_4,1,0,1
P45_combined_5,1,1,0
P50_combined_1,0,1,1
P50_combined_2,1,0,1
P50_combined_3,0,1,1
P52_combined_1,0,1,1
P52_combined_2,0,0,0
P52_combined_3,0,1,1
P59_combined_1,0,1,1
P59_combined_2,1,1,0
P59_combined_3,0,0,0
P66_combined_1,1,1,0
P66_combined_2,0,0,0
P66_combined_3,0,0,0
P72_combined_1,1,0,1
P72_combined_2,0,0,0
P72_combined_3,0,0,0
P76_combined_1,0,0,0
P76_combined_2,0,0,0
P76_combined_3,0,0,0
P81_combined_1,0,0,0
P83_combined_1,0,0,0
P83_combined_2,0,0,0
P83_combined_3,0,0,0
P86_combined_1,0,0,0
P86_combined_2,1,1,0
P86_combined_3,0,0,0
